{
  "standard": {
    "loss_mean": 2.3671869659423828,
    "loss_std": 0.022114938458116386,
    "loss_sem": 0.011057469229058193,
    "loss_ci95": [
      2.3364865096254888,
      2.3978874222592768
    ],
    "speed_mean": 55.26437807130861,
    "speed_std": 1.214528241276582,
    "params": 308460480,
    "all_losses": [
      2.3389012098312376,
      2.352345037460327,
      2.3594688892364504,
      2.398641896247864,
      2.3865777969360353
    ],
    "all_speeds": [
      53.13707519699265,
      54.79507594256549,
      55.751108431123996,
      56.030316873117016,
      56.608313912743924
    ],
    "num_seeds": 5
  },
  "tong_neuralode": {
    "loss_mean": 2.336273202896118,
    "loss_std": 0.01793750203065567,
    "loss_sem": 0.008968751015327833,
    "loss_ci95": [
      2.311371958039873,
      2.361174447752363
    ],
    "speed_mean": 15.252639867879964,
    "speed_std": 0.12047877402749714,
    "params": 51512960,
    "all_losses": [
      2.3205032348632812,
      2.3227649211883543,
      2.3317282676696776,
      2.3360829830169676,
      2.3702866077423095
    ],
    "all_speeds": [
      15.097651276383194,
      15.45165561221622,
      15.164466472240063,
      15.264764323726192,
      15.284661654834155
    ],
    "num_seeds": 5
  },
  "time_indexed_mlp": {
    "loss_mean": 2.230587935447693,
    "loss_std": 0.024662634806067906,
    "loss_sem": 0.012331317403033953,
    "loss_ci95": [
      2.196350709603399,
      2.264825161291987
    ],
    "speed_mean": 7.673027565529395,
    "speed_std": 0.2791173463662976,
    "params": 715840,
    "all_losses": [
      2.2038091659545898,
      2.203382873535156,
      2.232559871673584,
      2.2459284543991087,
      2.2672593116760256
    ],
    "all_speeds": [
      7.3955171220414755,
      7.614552915036619,
      7.7816876801881225,
      7.418277385356548,
      8.155102725024218
    ],
    "num_seeds": 5
  },
  "time_indexed_ssm": {
    "loss_mean": 2.146711120605469,
    "loss_std": 0.12433718000018612,
    "loss_sem": 0.06216859000009305,
    "loss_ci95": [
      1.9741034432026618,
      2.3193187980082763
    ],
    "speed_mean": 64.27365198984997,
    "speed_std": 0.46141111803477225,
    "params": 4901760,
    "all_losses": [
      2.062009024620056,
      2.0257517814636232,
      2.085404562950134,
      2.190477180480957,
      2.3699130535125734
    ],
    "all_speeds": [
      63.502079493052015,
      64.3257328697869,
      64.53319975325057,
      64.88658954670002,
      64.12065828646028
    ],
    "num_seeds": 5
  }
}